Combined Category,Category,Sub Category,August 24 YTD,August 25 YTD,August 26 YTD,Aug 26 vs Aug 25,YoY Change %
Departmental Receipts,Emergency Ambulance,EMERGENCY AMBULANCE SERVICES,"  58,309,300 ","  29,470,395 ","  24,486,341 ","  (4,984,053)",-16.91%
Departmental Receipts,"License, permit, fees and fines",A PERMITS,"  336,686 ","  304,190 ","  304,527 ",  337 ,0.11%
Departmental Receipts,"License, permit, fees and fines",ACCIDENT COLLECTIONS,"  46,866 ","  60,422 ","  10,840 ","  (49,582)",-82.06%
Departmental Receipts,"License, permit, fees and fines",ANIMAL PICK-UP FEES,  118 ,  59 ,  177 ,  118 ,200.00%
Departmental Receipts,"License, permit, fees and fines",ANIMAL REGULATION PERMITS,"  25,654 ","  25,148 ","  17,329 ","  (7,819)",-31.09%
Departmental Receipts,"License, permit, fees and fines",ANNUAL INSPECTION MONITRNG FEE,"  2,145 ",  742 ,  -   ,  (742),-100.00%
Departmental Receipts,"License, permit, fees and fines",APPROVAL FOR APPLICATN DESIGN,"  1,320 ","  1,140 ",  840 ,  (300),-26.32%
Departmental Receipts,"License, permit, fees and fines",ATTORNEY FEES,"  4,598 ","  30,435 ","  8,700 ","  (21,735)",-71.41%
Departmental Receipts,"License, permit, fees and fines",BAD CHECK COLLECTION FEES,"  3,363 ","  3,047 ","  3,572 ",  525 ,17.21%
Departmental Receipts,"License, permit, fees and fines",BINGO PERCENTAGE FEE,"  34,994 ","  23,973 ","  34,265 ","  10,292 ",42.93%
Departmental Receipts,"License, permit, fees and fines",BLUEPRINTS PHOTOCOPY MIMEO ETC,  21 ,  11 ,  172 ,  161 ,1504.77%
Departmental Receipts,"License, permit, fees and fines",BOARD APPLICATION FEE,  260 ,  -   ,  260 ,  260 ,0.00%
Departmental Receipts,"License, permit, fees and fines",BOARD INSPECTION FEE,  168 ,  -   ,  84 ,  84 ,0.00%
Departmental Receipts,"License, permit, fees and fines",BOILER & PRESSURE VESSEL RCPTS,,  -   ,  -   ,  -   ,0.00%
Departmental Receipts,"License, permit, fees and fines",BREEDER'S LICENSE FEE,"  8,460 ","  8,225 ","  4,935 ","  (3,290)",-40.00%
Departmental Receipts,"License, permit, fees and fines",BRUSH CLEARANCE RESTITUTION,"  38,210 ","  49,142 ","  82,060 ","  32,917 ",66.98%
Departmental Receipts,"License, permit, fees and fines",BRUSH NON-COMPLIANCE FEE,"  48,564 ","  30,515 ","  46,152 ","  15,637 ",51.24%
Departmental Receipts,"License, permit, fees and fines",BRUSH REMOVALS,"  208,473 ","  552,236 ","  92,871 ","  (459,365)",-83.18%
Departmental Receipts,"License, permit, fees and fines",BUILDING MATERIAL PERMITS,"  251,609 ","  265,783 ","  346,678 ","  80,894 ",30.44%
Departmental Receipts,"License, permit, fees and fines",BUILDING PERMITS- REGULAR,"  273,983 ","  253,436 ","  713,608 ","  460,172 ",181.57%
Departmental Receipts,"License, permit, fees and fines",CANOPY RENEWALS,  672 ,  672 ,  252 ,  (420),-62.50%
Departmental Receipts,"License, permit, fees and fines",CAT IDENTIFICATION FEES,,  20 ,  20 ,  -   ,0.00%
Departmental Receipts,"License, permit, fees and fines",CAT POUND FEES,"  2,517 ","  2,670 ","  2,018 ",  (652),-24.42%
Departmental Receipts,"License, permit, fees and fines",CITY ATTY COLLECTION SERVICES,"  1,729,909 ","  1,790,410 ","  1,054,488 ","  (735,922)",-41.10%
Departmental Receipts,"License, permit, fees and fines",CITY ATTY SUBROGATION REVENUE,"  531,897 ","  3,036,625 ","  243,325 ","  (2,793,300)",-91.99%
Departmental Receipts,"License, permit, fees and fines",CIVIC CENTER COMMERCIALPARKING,"  365,435 ","  586,551 ","  460,783 ","  (125,768)",-21.44%
Departmental Receipts,"License, permit, fees and fines",CODE VIOLATION INSPECTION FEE.,"  304,363 ","  257,284 ","  255,293 ","  (1,990)",-0.77%
Departmental Receipts,"License, permit, fees and fines",COLLECTION FEE,"  46,862 ","  33,347 ","  6,117 ","  (27,230)",-81.66%
Departmental Receipts,"License, permit, fees and fines",COMM & IND GUARD DOG LICENSES,  300 ,  200 ,  -   ,  (200),-100.00%
Departmental Receipts,"License, permit, fees and fines",CONS PLAN CHECKING,"  1,784,995 ","  1,635,274 ","  1,161,144 ","  (474,130)",-28.99%
Departmental Receipts,"License, permit, fees and fines",CONSTRUCTION TRAFFIC MGMT FEE,"  2,082 ","  2,580 ","  3,354 ",  774 ,30.00%
Departmental Receipts,"License, permit, fees and fines",CONTINUING PERMITS SECTION5704,"  378,506 ","  6,352 ","  100,517 ","  94,164 ",1482.40%
Departmental Receipts,"License, permit, fees and fines",COPIES OF MAP,  140 ,  210 ,  135 ,  (75),-35.71%
Departmental Receipts,"License, permit, fees and fines",COUNCIL DISTRICT MAPS,,  70 ,  -   ,  (70),-100.00%
Departmental Receipts,"License, permit, fees and fines",DAMAGE CLAIMS & SETTLEMENTS,"  85,464 ","  25,025 ","  1,356,347 ","  1,331,322 ",5319.97%
Departmental Receipts,"License, permit, fees and fines",DAMAGES REPAIRED TRAFFICSAFETY,"  57,233 ","  20,662 ","  112,788 ","  92,127 ",445.88%
Departmental Receipts,"License, permit, fees and fines",DEDICATION INVESTIG &PROCESSIN,"  153,002 ","  89,819 ","  119,794 ","  29,975 ",33.37%
Departmental Receipts,"License, permit, fees and fines",DOG LICENSE PENALTY FEE,"  3,998 ","  2,398 ","  2,335 ",  (63),-2.61%
Departmental Receipts,"License, permit, fees and fines",DOG LICENSES,"  537,509 ","  618,489 ","  454,582 ","  (163,907)",-26.50%
Departmental Receipts,"License, permit, fees and fines",DOG POUND FEES,"  34,889 ","  35,211 ","  45,025 ","  9,814 ",27.87%
Departmental Receipts,"License, permit, fees and fines",DRIVER PERMIT,"  128,325 ","  414,646 ","  539,353 ","  124,707 ",30.08%
Departmental Receipts,"License, permit, fees and fines",DUPLICATE TAGS,  365 ,  195 ,  258 ,  63 ,32.05%
Departmental Receipts,"License, permit, fees and fines",DUPLICATE W-2 FEES,  80 ,  160 ,  250 ,  90 ,56.25%
Departmental Receipts,"License, permit, fees and fines",E PERMITS,"  14,186 ","  26,700 ","  30,141 ","  3,441 ",12.89%
Departmental Receipts,"License, permit, fees and fines",ELECTION REIMBURSEMENTS,"  52,285 ","  46,338 ",  -   ,"  (46,338)",-100.00%
Departmental Receipts,"License, permit, fees and fines",ELEVATOR INSPECTION RECEIPTS,  933 ,"  2,869 ",  -   ,"  (2,869)",-100.00%
Departmental Receipts,"License, permit, fees and fines",ENGINEERING FEES,  244 ,"  5,027 ",  -   ,"  (5,027)",-100.00%
Departmental Receipts,"License, permit, fees and fines",EQUINE LICENSES,  25 ,  98 ,  55 ,  (43),-43.88%
Departmental Receipts,"License, permit, fees and fines",EXCESSIVE FALSE ALARM FEES,"  879,782 ","  564,487 ","  614,709 ","  50,222 ",8.90%
Departmental Receipts,"License, permit, fees and fines",EXTRADITION REIMBURSEMENT,"  3,772 ","  30,739 ","  57,841 ","  27,102 ",88.17%
Departmental Receipts,"License, permit, fees and fines",FIGUEROA PLAZA REVENUE,"  665,181 ","  767,073 ","  713,749 ","  (53,324)",-6.95%
Departmental Receipts,"License, permit, fees and fines",FILMING PERMITS,"  1,546,591 ","  119,185 ","  872,570 ","  753,385 ",632.11%
Departmental Receipts,"License, permit, fees and fines",FINES AND PENALTIES-OTHERS,"  13,508 ","  1,080 ","  1,755 ",  675 ,62.50%
Departmental Receipts,"License, permit, fees and fines",FINES FOR CITY LAW VIOLATIONS,,"  10,000 ","  1,625 ","  (8,375)",-83.75%
Departmental Receipts,"License, permit, fees and fines",FIRE HYDRANT INSTLTN/REPLCMNT,"  240,234 ","  380,494 ","  397,056 ","  16,562 ",4.35%
Departmental Receipts,"License, permit, fees and fines",FIRE SAFETY OFF COST RECOVERY,"  578,130 ","  404,724 ","  797,390 ","  392,666 ",97.02%
Departmental Receipts,"License, permit, fees and fines",FIRE SERVICES FOR SAN FERNANDO,,"  530,890 ","  371,171 ","  (159,718)",-30.09%
Departmental Receipts,"License, permit, fees and fines",FIRE SFTY CLEAR INSP-CARE FACIL,"  130,321 ","  155,092 ","  178,420 ","  23,328 ",15.04%
Departmental Receipts,"License, permit, fees and fines",FORFEITURES & PENALTIES,"  5,625 ","  21,810 ","  26,948 ","  5,138 ",23.56%
Departmental Receipts,"License, permit, fees and fines",GRADING PLAN CHECKING,"  1,032 ",  258 ,"  2,064 ","  1,806 ",700.00%
Departmental Receipts,"License, permit, fees and fines",HIGH-RISE INSPECTION FEE,"  30,530 ","  139,054 ","  93,056 ","  (45,998)",-33.08%
Departmental Receipts,"License, permit, fees and fines","HOUSE MOVING,FILING,PMT INSPEC",,"  2,359 ",  -   ,"  (2,359)",-100.00%
Departmental Receipts,"License, permit, fees and fines",IMPORT/EXPORT OF EARTH MATERIA,"  13,695 ","  9,450 ","  15,104 ","  5,654 ",59.83%
Departmental Receipts,"License, permit, fees and fines",IMPOUND FEE,"  1,469,558 ","  1,054,217 ","  1,149,413 ","  95,196 ",9.03%
Departmental Receipts,"License, permit, fees and fines",INSPECTION RESTITUTION,"  566,771 ","  605,618 ","  582,662 ","  (22,956)",-3.79%
Departmental Receipts,"License, permit, fees and fines",INSTRUCTION FEES,"  3,670 ","  23,341 ","  27,260 ","  3,920 ",16.79%
Departmental Receipts,"License, permit, fees and fines",INVESTIGATION FEES,"  312,128 ","  257,739 ","  292,995 ","  35,255 ",13.68%
Departmental Receipts,"License, permit, fees and fines",JURY DUTY REIMBURSEMENT,  15 ,  -   ,  -   ,  -   ,0.00%
Departmental Receipts,"License, permit, fees and fines",LABORATORY TESTING FEES,"  1,083,211 ","  776,207 ","  665,396 ","  (110,811)",-14.28%
Departmental Receipts,"License, permit, fees and fines",LATERAL SUPPORT SHORING FEE,"  204,258 ",  -   ,"  48,594 ","  48,594 ",0.00%
Departmental Receipts,"License, permit, fees and fines",LEASE & RENTAL OF CITY PROPERTIES,"  173,572 ","  222,231 ","  168,560 ","  (53,671)",-24.15%
Departmental Receipts,"License, permit, fees and fines",LEASES & RENTALS-OTHER,"  10,348 ","  8,419 ","  6,489 ","  (1,930)",-22.92%
Departmental Receipts,"License, permit, fees and fines",LEGISLATIVE ADVOCATE FEE,"  37,035 ","  47,090 ","  35,351 ","  (11,739)",-24.93%
Departmental Receipts,"License, permit, fees and fines",LOCAL ENFORCEMENT AGENCY FEES,"  244,942 ","  914,920 ","  1,111,982 ","  197,062 ",21.54%
Departmental Receipts,"License, permit, fees and fines",LOS ANGELES MALL RENTAL INCOME,"  24,781 ","  27,811 ","  28,156 ",  345 ,1.24%
Departmental Receipts,"License, permit, fees and fines",MAINTENANCE AGREEMENT,"  19,023 ","  6,081 ","  10,275 ","  4,194 ",68.98%
Departmental Receipts,"License, permit, fees and fines",MAINTENANCE HOLE PERMITS,  273 ,  -   ,"  1,138 ","  1,138 ",0.00%
Departmental Receipts,"License, permit, fees and fines",MISC ST MAINTENANCE,"  51,522 ","  33,895 ","  54,457 ","  20,562 ",60.66%
Departmental Receipts,"License, permit, fees and fines",MISCELLANEOUS ADM SERVICES,"  48,990 ","  17,608 ",  449 ,"  (17,159)",-97.45%
Departmental Receipts,"License, permit, fees and fines",MISCELLANEOUS DEPOSITS,,"  4,629 ","  111,650 ","  107,021 ",2312.06%
Departmental Receipts,"License, permit, fees and fines",MISCELLANEOUS GOV'T SERVICES,"  1,096,826 ","  1,145,282 ","  2,017 ","  (1,143,265)",-99.82%
Departmental Receipts,"License, permit, fees and fines",MISCELLANEOUS IMPROVEMENT FEE,"  47,928 ","  54,249 ","  55,290 ","  1,041 ",1.92%
Departmental Receipts,"License, permit, fees and fines",MISCELLANEOUS PERSONNEL FEES,"  1,921 ","  1,583 ","  2,013 ",  430 ,27.15%
Departmental Receipts,"License, permit, fees and fines",MISCELLANEOUS REVENUE-OTHERS,"  481,082 ","  428,089 ","  1,495,891 ","  1,067,803 ",249.43%
Departmental Receipts,"License, permit, fees and fines",MISCELLANEOUS SERVICE CHARGES,"  473,437 ","  516,888 ","  677,889 ","  161,000 ",31.15%
Departmental Receipts,"License, permit, fees and fines",MISCELLANEOUS-ANIMAL REG,"  22,918 ",  432 ,  673 ,  242 ,56.02%
Departmental Receipts,"License, permit, fees and fines",MISCELLANEOUS-CULTURAL AFFAIRS,  5 ,  115 ,  -   ,  (115),-100.00%
Departmental Receipts,"License, permit, fees and fines",MISCELLANEOUS-FIRE SERVICE,"  75,039 ","  30,439 ","  71,267 ","  40,828 ",134.13%
Departmental Receipts,"License, permit, fees and fines",MISCELLANEOUS-POLICE SERVICES,"  2,447 ","  12,599 ",  356 ,"  (12,243)",-97.18%
Departmental Receipts,"License, permit, fees and fines",MISC-ENGR/ST LIGHTING,  312 ,  -   ,  333 ,  333 ,0.00%
Departmental Receipts,"License, permit, fees and fines",MUNICIPAL COURT FINES,"  25,497 ","  216,719 ","  190,723 ","  (25,996)",-12.00%
Departmental Receipts,"License, permit, fees and fines",NEWSRACK PERMIT FEES,  347 ,  -   ,  564 ,  564 ,0.00%
Departmental Receipts,"License, permit, fees and fines",NEWSTAND PERMIT FEES,  50 ,  22 ,  -   ,  (22),-100.00%
Departmental Receipts,"License, permit, fees and fines",NON-COMPLIANCE FEE,"  207,041 ","  154,439 ","  143,545 ","  (10,894)",-7.05%
Departmental Receipts,"License, permit, fees and fines",NON-COMPLIANCE INSPECTION FEES,,"  19,195 ",  -   ,"  (19,195)",-100.00%
Departmental Receipts,"License, permit, fees and fines",NON-CONTINUING PERMITS,"  563,158 ","  635,000 ","  662,584 ","  27,584 ",4.34%
Departmental Receipts,"License, permit, fees and fines",OIL ROYALTIES & RENTALS,"  8,357 ","  18,620 ","  12,038 ","  (6,582)",-35.35%
Departmental Receipts,"License, permit, fees and fines",OTHER ANIMAL POUND FEES,"  2,234 ","  1,180 ",  845 ,  (335),-28.36%
Departmental Receipts,"License, permit, fees and fines",OUTSIDE SERVICE-MISC,"  1,043 ","  4,522 ",  348 ,"  (4,174)",-92.31%
Departmental Receipts,"License, permit, fees and fines",OVERLOAD INSPECTION FEES,"  3,616 ","  2,978 ","  3,261 ",  284 ,9.52%
Departmental Receipts,"License, permit, fees and fines",OVERLOAD PERMITS,"  64,143 ","  69,398 ","  61,459 ","  (7,939)",-11.44%
Departmental Receipts,"License, permit, fees and fines",OVER-UNDER DEPOSITS,  579 ,"  1,807 ",  182 ,"  (1,625)",-89.93%
Departmental Receipts,"License, permit, fees and fines",PARCEL MAPS - TENT,"  8,240 ","  35,432 ",  -   ,"  (35,432)",-100.00%
Departmental Receipts,"License, permit, fees and fines",PARCEL MAPS FINAL,"  107,120 ","  82,400 ","  1,854 ","  (80,546)",-97.75%
Departmental Receipts,"License, permit, fees and fines",PASSPORT APPLICATION PROCESSING FEES,"  13,013 ",  -   ,  -   ,  -   ,0.00%
Departmental Receipts,"License, permit, fees and fines",PAYROLL DEDUCTION FEE,"  47,307 ","  50,601 ","  62,344 ","  11,743 ",23.21%
Departmental Receipts,"License, permit, fees and fines",PENDING LIEN REPORT FEES,"  71,388 ","  71,388 ","  71,244 ",  (144),-0.20%
Departmental Receipts,"License, permit, fees and fines",PHOTO COPIES,  578 ,  502 ,  274 ,  (227),-45.31%
Departmental Receipts,"License, permit, fees and fines",PHOTOCOPIES RPT -POLICE,"  103,080 ","  144,717 ","  315,174 ","  170,457 ",117.79%
Departmental Receipts,"License, permit, fees and fines",POLICE OFFICERS PROPERTY,"  6,843 ","  2,642 ","  3,778 ","  1,136 ",42.99%
Departmental Receipts,"License, permit, fees and fines",POLICE PERMIT,"  252,606 ","  292,369 ","  405,928 ","  113,559 ",38.84%
Departmental Receipts,"License, permit, fees and fines",PRIVATE STREET MAPS,  630 ,  -   ,"  12,000 ","  12,000 ",0.00%
Departmental Receipts,"License, permit, fees and fines",PROPERTY OWNERSHIP INFORMATION,  123 ,  86 ,  249 ,  163 ,189.65%
Departmental Receipts,"License, permit, fees and fines",PUBLIC RIGHT OF WAY CONST ENF,"  91,071 ","  288,710 ","  118,559 ","  (170,151)",-58.93%
Departmental Receipts,"License, permit, fees and fines",QUITCLAIM FOR EASEMENT,"  13,226 ","  8,921 ","  36,000 ","  27,079 ",303.54%
Departmental Receipts,"License, permit, fees and fines",REIM FR US TREAS-INT RZ ECO BD,"  245,899 ",  -   ,  -   ,  -   ,0.00%
Departmental Receipts,"License, permit, fees and fines",REIMB FROM OTHER AGENCIES,"  1,537,908 ","  14,056,318 ","  14,681,133 ","  624,814 ",4.45%
Departmental Receipts,"License, permit, fees and fines",REIMB OF ACCOUNTING SERVICES,"  9,221 ","  72,988 ","  13,106 ","  (59,883)",-82.04%
Departmental Receipts,"License, permit, fees and fines",REIMB OF PRIOR YEAR SALARY,"  42,740 ","  534,152 ","  164,669 ","  (369,483)",-69.17%
Departmental Receipts,"License, permit, fees and fines",REIMB SALARIES & WAGES,,  170 ,  -   ,  (170),-100.00%
Departmental Receipts,"License, permit, fees and fines",REIMBURSEMENT OF EXPENDITURES,"  173,054 ","  982,919 ","  167,169 ","  (815,751)",-82.99%
Departmental Receipts,"License, permit, fees and fines",RESEARCH FEE - HEIRFINDERS,  161 ,  124 ,  -   ,  (124),-100.00%
Departmental Receipts,"License, permit, fees and fines",REVENUE LOSS BACKFILL,,  -   ,"  490,747 ","  490,747 ",0.00%
Departmental Receipts,"License, permit, fees and fines",REVOCABLE PERMIT FEE,"  142,973 ","  49,488 ","  52,892 ","  3,404 ",6.88%
Departmental Receipts,"License, permit, fees and fines",SALVAGE RECEIPTS,"  108,140 ","  322,468 ","  37,000 ","  (285,469)",-88.53%
Departmental Receipts,"License, permit, fees and fines",SERVICE TO LACMTA,"  421,787 ","  18,573,481 ","  8,481,520 ","  (10,091,962)",-54.34%
Departmental Receipts,"License, permit, fees and fines",SEWER PERMITS,"  1,192 ","  1,639 ",  925 ,  (715),-43.59%
Departmental Receipts,"License, permit, fees and fines",SPECIAL ENV IMPACT REPORT FEE,"  120,600 ","  161,594 ","  180,860 ","  19,266 ",11.92%
Departmental Receipts,"License, permit, fees and fines",SPECIAL EXCAVATION INSPECTION,"  216,630 ","  456,981 ","  249,944 ","  (207,037)",-45.31%
Departmental Receipts,"License, permit, fees and fines",SPOT CHECK PROG COST RECOVERY,"  365,579 ","  106,764 ","  216,032 ","  109,268 ",102.35%
Departmental Receipts,"License, permit, fees and fines",ST IMPROV BOND SERV FEES,  120 ,  -   ,  -   ,  -   ,0.00%
Departmental Receipts,"License, permit, fees and fines",STATE HIGHWAY AGREEMENTS,"  29,065 ","  29,571 ",  -   ,"  (29,571)",-100.00%
Departmental Receipts,"License, permit, fees and fines",STATE MANDATED PROG-OTHER,,  -   ,"  228,217 ","  228,217 ",0.00%
Departmental Receipts,"License, permit, fees and fines",STATE MANDATED PROGRAM -POLICE,"  12,212,064 ","  16,901 ","  9,289,808 ","  9,272,907 ",54866.74%
Departmental Receipts,"License, permit, fees and fines",STREET TREE PLANTING,"  1,302 ","  3,472 ","  6,048 ","  2,576 ",74.19%
Departmental Receipts,"License, permit, fees and fines",SUBDIVISION MAPS FINAL,"  17,304 ","  32,960 ","  2,472 ","  (30,488)",-92.50%
Departmental Receipts,"License, permit, fees and fines",SUBDIVISIONS,"  53,148 ","  51,294 ",  -   ,"  (51,294)",-100.00%
Departmental Receipts,"License, permit, fees and fines",SUBPOENA FEES,"  10,653 ","  16,199 ","  15,588 ",  (611),-3.77%
Departmental Receipts,"License, permit, fees and fines",SURVEY MONUMENT FEE SHARING,"  17,548 ","  21,096 ","  26,194 ","  5,098 ",24.17%
Departmental Receipts,"License, permit, fees and fines",TEMPORARY SELLING ACTIVITY PMT,  688 ,  -   ,  -   ,  -   ,0.00%
Departmental Receipts,"License, permit, fees and fines",TEMPORARY TRAFFIC SIGNS,"  219,906 ","  316,901 ","  191,242 ","  (125,659)",-39.65%
Departmental Receipts,"License, permit, fees and fines",TOBACCO RETAILER PERMITS,"  48,453 ","  32,547 ","  52,301 ","  19,754 ",60.69%
Departmental Receipts,"License, permit, fees and fines",TRANSPORTATION CONTROL SERVICES,"  314,982 ","  484,749 ",  -   ,"  (484,749)",-100.00%
Departmental Receipts,"License, permit, fees and fines",TREE REMOVAL PERMIT,"  35,213 ","  52,923 ","  56,322 ","  3,399 ",6.42%
Departmental Receipts,"License, permit, fees and fines",TRENCH REPLACING,"  14,837 ","  37,777 ","  15,503 ","  (22,274)",-58.96%
Departmental Receipts,"License, permit, fees and fines",U PERMITS,"  373,563 ","  858,553 ","  702,240 ","  (156,313)",-18.21%
Departmental Receipts,"License, permit, fees and fines",UNCLAIMED ASSETS MONIES,"  25,743 ",  -   ,  -   ,  -   ,0.00%
Departmental Receipts,"License, permit, fees and fines",UNDERGROUND STORAGE TK-PLAN CK,"  193,231 ","  190,744 ","  131,740 ","  (59,004)",-30.93%
Departmental Receipts,"License, permit, fees and fines",UNIFIED PROGRAM-ANNUAL FEES,"  93,641 ","  500,482 ","  119,093 ","  (381,389)",-76.20%
Departmental Receipts,"License, permit, fees and fines",UNION RELEASE TIME REIMBURSEMENTS,"  39,533 ","  240,000 ","  161,261 ","  (78,739)",-32.81%
Departmental Receipts,"License, permit, fees and fines",VEHICLE APPLICATION,"  756,883 ","  990,271 ","  1,163,335 ","  173,064 ",17.48%
Departmental Receipts,"License, permit, fees and fines",VEHICLE FORFEITURE PROCEEDS,"  24,358 ",  -   ,  -   ,  -   ,0.00%
Departmental Receipts,"License, permit, fees and fines",VETERINARY MEDICAL FEES,  771 ,  514 ,"  1,197 ",  683 ,132.74%
Departmental Receipts,"License, permit, fees and fines",W&P REIM UTILITY USER TX EXEMP,,  -   ,"  67,647 ","  67,647 ",0.00%
Departmental Receipts,"License, permit, fees and fines",W/C EMBEZZLEMENT RESTITUTION,,"  26,006 ",  -   ,"  (26,006)",-100.00%
Departmental Receipts,"License, permit, fees and fines",WEED ASSESSMENTS,,"  17,064 ","  10,072 ","  (6,992)",-40.98%
Departmental Receipts,"License, permit, fees and fines",WITNESS FEE,"  8,779 ","  8,577 ","  11,705 ","  3,128 ",36.47%
Departmental Receipts,"License, permit, fees and fines",WITNESS FEES ST CODE SEC680972,"  32,884 ","  46,435 ","  29,270 ","  (17,165)",-36.97%
Departmental Receipts,"License, permit, fees and fines",WORKERS COMP PENSION OFFSETS,"  338,821 ","  311,139 ","  309,940 ","  (1,199)",-0.39%
Departmental Receipts,"License, permit, fees and fines",ZONE CHANGES,"  71,271 ","  21,257 ","  5,547 ","  (15,710)",-73.91%
Departmental Receipts,Reimbursement from other funds,BLDG & SAFETY ENT FND REL COST,,"  40,709,939 ","  1,891 ","  (40,708,048)",-100.00%
Departmental Receipts,Reimbursement from other funds,CHARGE-BACK - EL PUEBLO,"  2,725 ",  -   ,"  1,531 ","  1,531 ",0.00%
Departmental Receipts,Reimbursement from other funds,CODE ENFORCEMENT REL COST,"  795,561 ","  804,768 ","  682,451 ","  (122,317)",-15.20%
Departmental Receipts,Reimbursement from other funds,COMMUNITY DEV TR RELATED COST,"  42,823 ","  451,867 ","  147,521 ","  (304,346)",-67.35%
Departmental Receipts,Reimbursement from other funds,COST REIMBURSEMENT FROM LIBRARY,"  8,046,879 ","  5,047,993 ","  652,153 ","  (4,395,840)",-87.08%
Departmental Receipts,Reimbursement from other funds,HELICOPTER FLIGHT REIMB,"  46,092 ","  214,420 ","  41,041 ","  (173,379)",-80.86%
Departmental Receipts,Reimbursement from other funds,REIMB FROM OTHER FUNDS,"  1,111,880 ","  933,317 ","  864,332 ","  (68,985)",-7.39%
Departmental Receipts,Reimbursement from other funds,REIMB OF OTHER GEN FUND COSTS-SPRF,,"  13,394 ",  -   ,"  (13,394)",-100.00%
Departmental Receipts,Reimbursement from other funds,REIMB OF RELATED COST-PR YR,"  2,650,560 ","  10,184,292 ","  8,262,431 ","  (1,921,861)",-18.87%
Departmental Receipts,Reimbursement from other funds,REIMB-METRO RAIL PROJECT,"  1,721,453 ","  2,316,623 ","  159,900 ","  (2,156,723)",-93.10%
Departmental Receipts,Reimbursement from other funds,REIMB-MULTI FAMILY BULKY ITEM,"  196,938 ",  -   ,  -   ,  -   ,0.00%
Departmental Receipts,Reimbursement from other funds,RELATED COST REIMB-OTHERS,"  1,830,037 ","  2,630,134 ","  1,233,948 ","  (1,396,186)",-53.08%
Departmental Receipts,Reimbursement from other funds,RENT CONTROL RELATED COST,"  254,941 ","  201,456 ","  190,816 ","  (10,640)",-5.28%
Departmental Receipts,Reimbursement from other funds,SEWER CONS & MAIN RELATED COST,"  17,804,388 ","  21,648,302 ","  24,493,710 ","  2,845,408 ",13.14%
Departmental Receipts,Reimbursement from other funds,ST LIGHTING ASSESS REL COST,,"  57,432 ",  -   ,"  (57,432)",-100.00%
Departmental Receipts,Reimbursement from other funds,STATE MAINTENANCE AGREEMENT,"  64,831 ","  71,478 ",  -   ,"  (71,478)",-100.00%
Departmental Receipts,Reimbursement from other funds,WORKFORCE INNOV OPP ACT (WIOA) REL COST,,"  1,948,155 ",  -   ,"  (1,948,155)",-100.00%
Departmental Receipts,Services to proprietary departments,CHARGE-BACK PENSIONS,,  -   ,  713 ,  713 ,0.00%
Departmental Receipts,Services to proprietary departments,SERVICE TO AIRPORTS,"  18,746,307 ","  3,314,211 ","  2,823,788 ","  (490,423)",-14.80%
Departmental Receipts,Services to proprietary departments,SERVICE TO HARBOR,"  391,577 ","  388,047 ","  259,555 ","  (128,492)",-33.11%
Departmental Receipts,Services to proprietary departments,SERVICE TO LACERS,"  532,562 ","  283,910 ","  10,204 ","  (273,705)",-96.41%
Departmental Receipts,Services to proprietary departments,SERVICE TO PENSIONS,,"  151,057 ","  335,374 ","  184,317 ",122.02%
Departmental Receipts,Services to proprietary departments,SERVICE TO WATER & POWER,"  485,155 ","  2,286,100 ","  178,081 ","  (2,108,019)",-92.21%
Departmental Receipts,Services to proprietary departments,SUPPLEMENTAL DENTAL & OPT SUB,"  13,311 ","  236,404 ","  3,865 ","  (232,539)",-98.37%
Departmental Receipts,Services to proprietary departments,WORKERS COMPENSATION,"  1,159,412 ","  275,141 ","  2,098,217 ","  1,823,076 ",662.60%