,Sep,2023,2024,2025,Change,,,,,Dec,2023,2024,2025,,,Feb,2024,2025,2026,,Apr,2024,2025,2026,,Jun,2024,2025,2026,,FY2027,August,2025,2026,2027
,"License, permit, fees and fines","84,246,288","68,915,212","100,522,013","31,606,801",$17.5M SERVICE TO LACMTA + $13M REIM FROM OTHER AGENCIES + $3M CITY ATTY SUBROGATION REVENUE,,,,"License, permit, fees and fines","134,602,285","123,883,473","214,119,490",,,"License, permit, fees and fines","163,544,614","177,071,661","272,965,733",,"License, permit, fees and fines","202,527,764","233,330,243","345,837,904",,"License, permit, fees and fines","353,918,734","293,358,197","481,352,370",,,"License, permit, fees and fines","37,974,050","61,302,747","57,795,146"
,Services to proprietary departments,"7,630,166","27,744,802","7,984,629","-19,760,173",Why?,,,,Services to proprietary departments,"61,792,384","74,138,710","32,368,143",,,Services to proprietary departments,"93,963,550","88,806,862","54,576,179",,Services to proprietary departments,"117,819,450","130,416,222","81,567,431",,Services to proprietary departments,"179,132,936","205,748,950","198,869,500",,,Services to proprietary departments,"21,328,324","6,934,869","5,709,797"
,Reimbursement from other funds,"60,935,963","92,394,507","131,950,998","39,556,491",+$41M BLDG & SAFETY ENT FND REL COST + $8M REIMB OF RELATED COST-PR YR,,,,Reimbursement from other funds,"222,844,916","251,501,135","301,890,601",,,Reimbursement from other funds,"298,039,108","299,934,569","343,731,760",,Reimbursement from other funds,"368,231,904","377,011,451","453,778,360",,Reimbursement from other funds,"612,391,234","648,770,412","816,222,049",,,Reimbursement from other funds,"34,569,107","87,233,572","36,731,724"
,Emergency Ambulance,"45,908,145","69,733,062","46,294,697","-23,438,365",Why?,,,,Emergency Ambulance,"82,856,752","112,507,627","113,173,294",,,Emergency Ambulance,"115,917,749","156,299,396","140,183,159",,Emergency Ambulance,"137,893,765","193,438,019","191,685,938",,Emergency Ambulance,"162,495,641","225,693,332","240,148,632",,,Emergency Ambulance,"58,309,300","29,470,395","24,486,341"
,Property Tax 1%,"103,971,173","98,167,059","100,428,445","2,261,386",,,,,Property Tax 1%,"882,282,337","910,735,165","945,279,984",,,Property Tax 1%,"1,189,639,532","1,227,464,807","1,274,138,115",,Property Tax 1%,"1,771,773,992","1,850,456,593","1,909,188,758",,Property Tax 1%,"2,016,700,482","2,082,834,365","2,131,128,511",,,Property Tax 1%,"98,167,059","100,428,445","149,349,169"
,Property Tax - Miscellaneous,"10,890,043","10,602,844","10,583,759","-19,085",,,,,Property Tax - Miscellaneous,"11,823,905","11,151,982","10,579,045",,,Property Tax - Miscellaneous,"11,823,905","11,151,982","10,579,045",,Property Tax - Miscellaneous,"12,830,999","12,684,132","11,425,720",,Property Tax - Miscellaneous,"12,830,999","12,684,132","11,425,720",,,Property Tax - Miscellaneous,"10,602,844","10,583,759","13,608,027"
,Property Tax - VLF Replacement,0,0,0,0,,,,,Property Tax - VLF Replacement,0,0,0,,,Property Tax - VLF Replacement,"317,452,976.00","331,899,198.00","343,665,762.00",,Property Tax - VLF Replacement,"317,452,976.00","331,899,198.00","343,665,762.00",,Property Tax - VLF Replacement,"634,905,952.00","663,798,396.00","687,331,524.00",,,Property Tax - VLF Replacement,0.00,0.00,0.00
,Property Tax - Ex-CRA Tax Increment,0,0,0,0,,,,,Property Tax - Ex-CRA Tax Increment,0,0,0,,,Property Tax - Ex-CRA Tax Increment,"47,000,885.32","52,455,180.16","56,941,186.84",,Property Tax - Ex-CRA Tax Increment,"47,000,885.32","52,455,180.16","56,941,186.84",,Property Tax - Ex-CRA Tax Increment,"140,162,555.59","152,912,713.64","150,649,622.77",,,Property Tax - Ex-CRA Tax Increment,0.00,0.00,0.00
,Electric Users' Tax,"131,457,848","125,778,455","146,375,723","20,597,268",Why?,,,,Electric Users' Tax,"258,960,500","272,400,070","296,833,808",,,Electric Users' Tax,"330,632,097","340,241,651","379,515,149",,Electric Users' Tax,"403,158,560","420,726,736","467,850,845",,Electric Users' Tax,"480,776,010","500,597,549","556,582,391",,,Electric Users' Tax,"83,937,445","99,183,847","100,448,923"
,Telephone Users' Tax,"18,746,596","25,552,422","24,578,503","-973,919",,,,,Telephone Users' Tax,"42,553,177","43,508,146","49,934,607",,,Telephone Users' Tax,"63,418,165","66,992,460","67,163,911",,Telephone Users' Tax,"84,270,951","77,347,258","83,658,975",,Telephone Users' Tax,"113,666,516","100,876,991","100,337,058",,,Telephone Users' Tax,"17,028,546","13,693,693","16,959,102"
,Gas Users' Tax,"11,379,191","10,038,191","19,215,779","9,177,588",Why?,,,,Gas Users' Tax,"26,753,438","24,609,048","39,537,814",,,Gas Users' Tax,"52,313,815","41,681,594","49,953,839",,Gas Users' Tax,"73,468,233","64,503,295","71,204,353",,Gas Users' Tax,"87,253,881","93,236,780","91,590,922",,,Gas Users' Tax,"9,954,417","6,826,381","10,908,039"
,Business Tax,"50,520,452","57,096,144","63,671,255","6,575,111",Aggressive tax collection?,,,,Business Tax,"83,718,234","101,137,356","124,462,149",,,Business Tax,"168,603,396","365,438,075","424,894,541",,Business Tax,"725,038,152","780,656,951","850,189,601",,Business Tax,"779,296,039","845,522,594","908,626,426",,,Business Tax,"38,785,565","42,721,669","47,125,516"
,Sales Tax,"174,663,509","171,086,871","171,396,617","309,746",Flat,,,,Sales Tax,"345,718,071","330,184,157","331,286,133",,,Sales Tax,"458,970,926","442,577,352","458,239,221",,Sales Tax,"568,838,013","541,586,843","553,465,446",,Sales Tax,"678,857,250","661,958,548","672,345,600",,,Sales Tax,"114,966,665","114,948,537","135,343,632"
,Documentary Transfer Tax,"42,443,087","47,554,622","53,772,848","6,218,226",More sales of property?,0.45% applied to sales of property over $100 (goes to General Fund),,,Documentary Transfer Tax,"77,939,000","91,300,893","104,098,725",,,Documentary Transfer Tax,"103,288,857","125,760,070","133,748,646",,Documentary Transfer Tax,"131,420,413","148,485,748","161,128,384",,Documentary Transfer Tax,"159,780,790","177,368,976","195,419,281",,,Documentary Transfer Tax,"30,993,143","36,248,017","35,221,600"
,Power Revenue Transfer,0,0,0,0,,,,,Power Revenue Transfer,0,0,0,,,Power Revenue Transfer,0,0,0,,Power Revenue Transfer,"122,348,000.00","164,484,000.00","112,891,000.00",,Power Revenue Transfer,"244,695,000.00","219,312,000.00","225,782,000.00",,,Power Revenue Transfer,0.00,0.00,0.00
,Transient Occupancy Tax,"70,233,795","71,871,358","69,660,453","-2,210,905",Less tourism/visitors,,,,Transient Occupancy Tax,"121,747,263","137,777,498","133,688,175",,,Transient Occupancy Tax,"164,934,283","177,003,276","176,474,527",,Transient Occupancy Tax,"233,982,508","218,052,104","218,347,709",,Transient Occupancy Tax,"275,006,033","272,439,878","274,500,249",,,Transient Occupancy Tax,"50,549,911","43,418,665","48,882,355"
,Transient Occupancy Tax - Short-term Rental,"7,283,443","6,778,744","7,977,311","1,198,567",,,,,Transient Occupancy Tax - Short-term Rental,"15,167,765","12,522,552","15,407,394",,,Transient Occupancy Tax - Short-term Rental,"23,057,802","17,224,386","21,049,018",,Transient Occupancy Tax - Short-term Rental,"30,141,212","22,141,781","24,517,875",,Transient Occupancy Tax - Short-term Rental,"36,377,451","33,346,691","35,267,878",,,Transient Occupancy Tax - Short-term Rental,"6,457,611","3,065,816","7,561,059"
,Parking Fines,"27,058,274","27,655,717","27,347,341","-308,376",Flat,,,,Parking Fines,"53,703,439","53,782,694","43,422,636",,,Parking Fines,"71,703,902","70,657,872","68,316,129",,Parking Fines,"90,894,869","89,103,900","87,310,816",,Parking Fines,"109,551,950","108,319,037","132,413,295",,,Parking Fines,"18,655,191","18,619,586","17,700,550"
,Parking Users' Tax,"33,485,457","33,977,506","38,156,738","4,179,232",More parking or higher rates charged??,,,,Parking Users' Tax,"57,741,010","69,448,455","75,911,053",,,Parking Users' Tax,"76,930,093","93,375,536","102,213,859",,Parking Users' Tax,"104,070,758","112,822,222","124,940,753",,Parking Users' Tax,"129,239,186","140,264,649","150,348,569",,,Parking Users' Tax,"26,651,800","23,835,568","25,423,429"
,Franchise Income,"34,138,484","28,420,221","29,823,843","1,403,622",,,,,Franchise Income,"62,963,113","58,609,741","61,534,643",,,Franchise Income,"99,013,000","79,759,914","98,948,677",,Franchise Income,"107,415,137","100,710,036","103,456,011",,Franchise Income,"145,508,675","138,391,054","139,051,942",,,Franchise Income,"20,818,612","29,482,157","29,116,970"
,Grant Receipts,"2,293,209","6,072,210","5,938,291","-133,919",,,,,Grant Receipts,"5,436,256","13,840,464","7,470,772",,,Grant Receipts,"9,486,985","16,406,609","8,888,268",,Grant Receipts,"61,576,516","18,617,355","10,191,422",,Grant Receipts,"53,557,290","174,202,005","41,760,885",,,Grant Receipts,"2,392,966","4,393,072","1,612,188"
,Interest,"28,173,710","55,365,639","61,587,939","6,222,300",Why?,,,,Interest,"34,052,620","68,898,418","73,939,462",,,Interest,"75,624,264","84,013,900","78,296,669",,Interest,"77,609,955","78,477,465","83,025,994",,Interest,"87,967,459","77,824,552","76,029,142",,,Interest,"38,293,338","43,494,793","60,554,873"
,State Motor Vehicle License Fees,0,0,"5,960,342","5,960,342",Collected earlier vs in Jan or Feb of next year as in prior years,,,,State Motor Vehicle License Fees,0,0,"5,960,342",,,State Motor Vehicle License Fees,"4,812,486.83","6,146,857.72","5,960,342",,State Motor Vehicle License Fees,"4,812,486.83","6,146,857.72","5,960,342",,State Motor Vehicle License Fees,"4,812,486.83","6,146,857.72","5,960,342",,,State Motor Vehicle License Fees,0.00,0.00,0
,Tobacco Settlement,0,0,0,0,,,,,Tobacco Settlement,0,0,0,,,Tobacco Settlement,0,0,0,,Tobacco Settlement,"9,555,146.37","9,064,164.95","8,557,200.09",,Tobacco Settlement,"9,555,146.37","9,064,164.95","8,557,200.09",,,Tobacco Settlement,0.00,0.00,0.00
,Residential Development Tax,"1,221,889","767,491","1,068,950","301,459",,,,,Residential Development Tax,"2,079,461","1,836,303","2,155,924",,,Residential Development Tax,"2,855,060","2,206,815","3,445,870",,Residential Development Tax,"3,407,160","2,775,197","4,822,636",,Residential Development Tax,"4,010,212","3,726,367","5,803,786",,,Residential Development Tax,"582,256","774,996","1,229,507"
,Special Parking Revenue Transfer,0,0,0,0,,,,,Special Parking Revenue Transfer,0,0,0,,,Special Parking Revenue Transfer,0,0,0,,Special Parking Revenue Transfer,0,0,0,,Special Parking Revenue Transfer,"32,387,919.00","24,622,874.00","19,544,364.00",,,Special Parking Revenue Transfer,0.00,0.00,0.00
,Transfer from Reserve Fund,0,0,0,0,,,,,Transfer from Reserve Fund,"136,370,443",0,0,,,Transfer from Reserve Fund,"136,370,443",0,0,,Transfer from Reserve Fund,"136,370,443",0,0,,Transfer from Reserve Fund,"136,370,443",0,0,,,Transfer from Reserve Fund,0,0,0
,Total,"946,680,722","1,035,573,079","1,124,296,472","88,723,393","88,723,393",,,,Total,"2,721,106,371","2,763,773,887","2,983,054,192",,,Total,"4,079,397,893","4,274,570,024","4,573,889,605",,Total,"5,943,910,247","6,037,392,951","6,365,610,423",,Transfer from Budget Stabilization Fund,0,0,"29,000,000",,,Transfer from Budget Stabilization Fund,0,0,0
,,,,,,,,,,,,,,,,,,,,,,,,,,Total,"7,681,208,270","7,873,022,065","8,386,049,261",,,Total,"721,018,148","776,660,584","825,767,948"
,,,,,,,,,,,,,,,,,,,,,,,,,,,,,,,,,,,
,,,,,,,,,,,,,,,,,,,,,,,,,,,,,,,,,,,
,Oct,2023,2024,2025,Change,,,,,Nov,2023,2024,2025,,,Jan,2024,2025,2026,,Mar,2024,2025,2026,,,,,,,,,2025,2026,2027
,"License, permit, fees and fines","92,725,004","86,348,362","133,712,123","47,363,761",$17.5M SERVICE TO LACMTA + $13M REIM FROM OTHER AGENCIES + $3M CITY ATTY SUBROGATION REVENUE,,,,"License, permit, fees and fines","116,176,102","101,084,982","172,790,101",,,"License, permit, fees and fines","146,307,805","162,141,936","248,449,958",,"License, permit, fees and fines","185,378,786","200,051,757","315,486,466",,,,,,,,"License, permit, fees and fines",,,
,Services to proprietary departments,"10,230,006","29,389,069","9,036,416","-20,352,653",Why?,,,,Services to proprietary departments,"30,009,708","50,967,809","10,001,216",,,Services to proprietary departments,"70,017,992","78,520,642","45,933,635",,Services to proprietary departments,"105,781,846","102,131,437","69,031,617",,,,,,,,Services to proprietary departments,,,
,Reimbursement from other funds,"142,152,700","157,268,940","207,175,853","49,906,913",+$41M BLDG & SAFETY ENT FND REL COST + $8M REIMB OF RELATED COST-PR YR,,,,Reimbursement from other funds,"182,902,833","203,526,604","243,187,526",,,Reimbursement from other funds,"261,875,177","273,169,387","320,281,510",,Reimbursement from other funds,"352,554,992","349,637,014","419,569,539",,,,,,,,Reimbursement from other funds,,,
,Emergency Ambulance,"61,087,131","86,109,403","70,503,800","-15,605,603",Why?,,,,Emergency Ambulance,"71,389,149","99,614,966","82,669,872",,,Emergency Ambulance,"97,727,446","127,569,698","129,376,495",,Emergency Ambulance,"124,012,006","172,842,984","156,551,984",,,,,,,,Emergency Ambulance,,,
,Property Tax 1%,"103,971,173","98,167,059","100,428,445","2,261,386",,,,,Property Tax 1%,"136,409,796","132,078,462","135,970,076",,,Property Tax 1%,"1,081,009,060","1,117,937,136","1,161,957,688",,Property Tax 1%,"1,197,161,533","1,234,238,778","1,261,881,337",,,,,,,,Property Tax 1%,,,
,Property Tax - Miscellaneous,"10,890,043","10,602,844","10,583,759","-19,085",,,,,Property Tax - Miscellaneous,"11,823,905","11,151,982","10,579,045",,,Property Tax - Miscellaneous,"11,823,905","11,151,982","10,579,045",,Property Tax - Miscellaneous,"12,830,999","12,684,132","11,425,720",,,,,,,,Property Tax - Miscellaneous,,,
,Property Tax - VLF Replacement,0,0,0,0,,,,,Property Tax - VLF Replacement,0,0,0,,,Property Tax - VLF Replacement,"317,452,976.00","331,899,198.00","343,665,762.00",,Property Tax - VLF Replacement,"317,452,976.00","331,899,198.00","343,665,762.00",,,,,,,,Property Tax - VLF Replacement,,,
,Property Tax - Ex-CRA Tax Increment,0,0,0,0,,,,,Property Tax - Ex-CRA Tax Increment,0,0,0,,,Property Tax - Ex-CRA Tax Increment,"47,000,885.32","52,455,180.16","56,941,186.84",,Property Tax - Ex-CRA Tax Increment,"47,000,885.32","52,455,180.16","56,941,186.84",,,,,,,,Property Tax - Ex-CRA Tax Increment,,,
,Electric Users' Tax,"170,413,889","177,773,288","199,938,523","22,165,235",Why?,,,,Electric Users' Tax,"217,214,833","223,895,924","249,107,966",,,Electric Users' Tax,"293,273,936","305,747,864","339,790,417",,Electric Users' Tax,"370,171,562","381,101,951","423,741,574",,,,,,,,Electric Users' Tax,,,
,Telephone Users' Tax,"26,950,911","33,801,576","32,666,613","-1,134,963",,,,,Telephone Users' Tax,"42,264,570","39,454,961","34,287,383",,,Telephone Users' Tax,"42,553,177","58,637,781","58,518,846",,Telephone Users' Tax,"73,335,431","75,361,906","75,172,324",,,,,,,,Telephone Users' Tax,,,
,Gas Users' Tax,"16,135,728","19,233,817","25,269,504","6,035,687",Why?,,,,Gas Users' Tax,"21,492,433","19,287,024","31,637,286",,,Gas Users' Tax,"26,753,438","41,644,590","49,923,245",,Gas Users' Tax,"52,359,564","64,376,139","71,142,662",,,,,,,,Gas Users' Tax,,,
,Business Tax,"65,963,940","74,022,682","82,538,912","8,516,230",Aggressive tax collection?,,,,Business Tax,"78,403,346","84,961,807","101,761,032",,,Business Tax,"83,388,403","167,774,911","191,199,706",,Business Tax,"571,797,730","750,749,359","819,647,133",,,,,,,,Business Tax,,,
,Sales Tax,"233,099,871","220,493,267","225,095,325","4,602,058",Flat,,,,Sales Tax,"288,518,146","274,396,763","281,052,447",,,Sales Tax,"397,787,514","379,605,318","382,028,071",,Sales Tax,"515,741,671","494,410,408","508,899,794",,,,,,,,Sales Tax,,,
,Documentary Transfer Tax,"54,343,805","61,322,364","71,813,003","10,490,639",More sales of property?,0.45% applied to sales of property over $100 (goes to General Fund),,,Documentary Transfer Tax,"67,288,156","77,387,844","90,571,010",,,Documentary Transfer Tax,"91,015,921","109,518,343","122,156,995",,Documentary Transfer Tax,"115,668,978","133,891,122","145,874,172",,,,,,,,Documentary Transfer Tax,,,
,Power Revenue Transfer,0,0,0,0,,,,,Power Revenue Transfer,0,0,0,,,Power Revenue Transfer,0,0,0,,Power Revenue Transfer,0,"109,656,000.00",0,,,,,,,,Power Revenue Transfer,,,
,Transient Occupancy Tax,"90,385,898","96,434,196","88,195,651","-8,238,545",Less tourism/visitors,,,,Transient Occupancy Tax,"110,033,070","110,616,824","99,516,939",,,Transient Occupancy Tax,"121,747,263","165,206,121","156,271,776",,Transient Occupancy Tax,"189,626,775","203,761,594","201,682,463",,,,,,,,Transient Occupancy Tax,,,
,Transient Occupancy Tax - Short-term Rental,"10,124,733","11,993,381","10,314,729","-1,678,652",,,,,Transient Occupancy Tax - Short-term Rental,"12,785,692","12,089,389","12,730,152",,,Transient Occupancy Tax - Short-term Rental,"15,167,765","17,036,306","17,914,631",,Transient Occupancy Tax - Short-term Rental,"23,418,784","21,965,709","24,171,717",,,,,,,,Transient Occupancy Tax - Short-term Rental,,,
,Parking Fines,"36,208,805","36,863,703","35,977,797","-885,906",Flat,,,,Parking Fines,"44,690,842","45,207,025","35,977,797",,,Parking Fines,"62,807,280","62,556,040","51,256,640",,Parking Fines,"81,055,626","79,784,519","78,014,188",,,,,,,,Parking Fines,,,
,Parking Users' Tax,"44,896,938","51,580,182","49,479,578","-2,100,604",More parking or higher rates charged??,,,,Parking Users' Tax,"53,626,948","59,410,103","57,925,173",,,Parking Users' Tax,"59,224,187","85,663,211","89,409,780",,Parking Users' Tax,"86,637,621","106,502,047","113,472,512",,,,,,,,Parking Users' Tax,,,
,Franchise Income,"34,666,181","35,727,795","39,639,531","3,911,736",,,,,Franchise Income,"49,556,105","58,308,037","61,211,810",,,Franchise Income,"63,851,917","59,843,354","62,607,408",,Franchise Income,"103,726,829","99,937,406","102,957,959",,,,,,,,Franchise Income,,,
,Grant Receipts,"3,390,077","7,178,974","6,559,921","-619,053",,,,,Grant Receipts,"3,953,158","13,276,424","7,124,165",,,Grant Receipts,"6,354,973","15,684,712","7,767,142",,Grant Receipts,"10,665,948","18,367,197","9,540,617",,,,,,,,Grant Receipts,,,
,Interest,"45,319,069","49,021,180","49,353,343","332,163",Why?,,,,Interest,"63,281,441","49,222,769","53,785,666",,,Interest,"57,382,504","54,545,631","47,209,993",,Interest,"61,164,607","74,779,507","91,156,619",,,,,,,,Interest,,,
,State Motor Vehicle License Fees,0,0,"5,960,342","5,960,342",Collected earlier vs in Jan or Feb of next year as in prior years,,,,State Motor Vehicle License Fees,0,0,"5,960,342",,,State Motor Vehicle License Fees,0,"6,146,857.72","5,960,342",,State Motor Vehicle License Fees,"4,812,486.83","6,146,857.72","5,960,342",,,,,,,,State Motor Vehicle License Fees,,,
,Tobacco Settlement,0,0,0,0,,,,,Tobacco Settlement,0,0,0,,,Tobacco Settlement,0,0,0,,Tobacco Settlement,0,0,0,,,,,,,,Tobacco Settlement,,,
,Residential Development Tax,"1,448,187","1,065,332","1,404,288","338,956",,,,,Residential Development Tax,"1,897,712","1,496,530","1,733,935",,,Residential Development Tax,"2,466,328","2,011,437","2,639,915",,Residential Development Tax,"3,251,206","2,527,606","4,513,104",,,,,,,,Residential Development Tax,,,
,Special Parking Revenue Transfer,0,0,0,0,,,,,Special Parking Revenue Transfer,0,0,0,,,Special Parking Revenue Transfer,0,0,0,,Special Parking Revenue Transfer,0,0,0,,,,,,,,Special Parking Revenue Transfer,,,
,Transfer from Reserve Fund,"136,370,443",0,0,0,,,,,Transfer from Reserve Fund,"136,370,443",0,0,,,Transfer from Reserve Fund,"136,370,443",0,0,,Transfer from Reserve Fund,"136,370,443",0,0,,,,,,,,Transfer from Reserve Fund,,,
,Total,"1,390,774,532","1,344,397,414","1,455,647,456","111,250,042","111,250,042",,,,Total,"1,740,088,388","1,667,436,227","1,779,580,938",,,Total,"3,493,360,299","3,686,467,636","3,901,840,187",,Total,"4,741,979,284","5,079,259,807","5,310,500,794",,,,,,,,Transfer from Budget Stabilization Fund,,,
,,,,,,,,,,,,,,,,,,,,,,,,,,,,,,,,Total,0,0,0
,,,,,"22,526,649",change from PY change,,,,,,,,,,,,,,,,,,,,,,,,,,,,,
,,,,,,,,,,,,,,,,,,,,,,,,,,,,,,,,,,,
,,,,,,,,,,,,,,,,,,,,,,,,,,,,,,,,,,,
,,,,,,,,,,,,,,,,,,,,,,,,,,,,,,,,,,,
,,,,,"15,756,960",,,,,,,,,,,,,,,,,,,,,,,,,,,,,,
,,,,,"-592,480",,,,,,,,,,,,,,,,,,,,,,,,,,,,,,
,,,,,"10,350,422",,,,,,,,,,,,,,,,,,,,,,,,,,,,,,
,,,,,"7,832,762",,,,,,,,,,,,,,,,,,,,,,,,,,,,,,
,,,,,0,,,,,,,,,,,,,,,,,,,,,,,,,,,,,,
,,,,,0,,,,,,,,,,,,,,,,,,,,,,,,,,,,,,
,,,,,0,,,,,,,,,,,,,,,,,,,,,,,,,,,,,,
,,,,,0,,,,,,,,,,,,,,,,,,,,,,,,,,,,,,
,,,,,"1,567,967",,,,,,,,,,,,,,,,,,,,,,,,,,,,,,
,,,,,"-161,044",,,,,,,,,,,,,,,,,,,,,,,,,,,,,,
,,,,,"-3,141,901",,,,,,,,,,,,,,,,,,,,,,,,,,,,,,
,,,,,"1,941,119",,,,,,,,,,,,,,,,,,,,,,,,,,,,,,
,,,,,"4,292,312",,,,,,,,,,,,,,,,,,,,,,,,,,,,,,
,,,,,"4,272,413",,,,,,,,,,,,,,,,,,,,,,,,,,,,,,
,,,,,0,,,,,,,,,,,,,,,,,,,,,,,,,,,,,,
,,,,,"-6,027,640",,,,,,,,,,,,,,,,,,,,,,,,,,,,,,
,,,,,"-2,877,219",,,,,,,,,,,,,,,,,,,,,,,,,,,,,,
,,,,,"-577,530",,,,,,,,,,,,,,,,,,,,,,,,,,,,,,
,,,,,"-6,279,836",,,,,,,,,,,,,,,,,,,,,,,,,,,,,,
,,,,,"2,508,114",,,,,,,,,,,,,,,,,,,,,,,,,,,,,,
,,,,,"-485,134",,,,,,,,,,,,,,,,,,,,,,,,,,,,,,
,,,,,"-5,890,137",,,,,,,,,,,,,,,,,,,,,,,,,,,,,,
,,,,,0,,,,,,,,,,,,,,,,,,,,,,,,,,,,,,
,,,,,0,,,,,,,,,,,,,,,,,,,,,,,,,,,,,,
,,,,,"37,497",,,,,,,,,,,,,,,,,,,,,,,,,,,,,,
,,,,,0,,,,,,,,,,,,,,,,,,,,,,,,,,,,,,
,,,,,0,,,,,,,,,,,,,,,,,,,,,,,,,,,,,,
,,,,,"22,526,649",,,,,,,,,,,,,,,,,,,,,,,,,,,,,,
,,,,,,,,,,,,,,,,,,,,,,,,,,,,,,,,,,,
,,,,,,,,,,,,,,,,,,,,,,,,,,,,,,,,,,,
,,,,,,,,,,,,,,,,,,,,,,,,,,,,,,,,,,,
,,,,,,,,,,,,,,,,,,,,,,,,,,,,,,,,,,,
,,,,,,,,,,,,,,,,,,,,,,,,,,,,,,,,,,,
,,,,,,,,,,,,,,,,,,,,,,,,,,,,,,,,,,,
,,,,,,,,,,,,,,,,,,,,,,,,,,,,,,,,,,,
,,,,,,,,,,,,,,,,,,,,,,,,,,,,,,,,,,,
,,,,,,,,,,,,,,,,,,,,,,,,,,,,,,,,,,,
,,,,,,,,,,,,,,,,,,,,,,,,,,,,,,,,,,,
,,,,,,,,,,,,,,,,,,,,,,,,,,,,,,,,,,,
,,,,,,,,,,,,,,,,,,,,,,,,,,,,,,,,,,,
,,,,,,,,,,,,,,,,,,,,,,,,,,,,,,,,,,,
,,,,,,,,,,,,,,,,,,,,,,,,,,,,,,,,,,,
,,,,,,,,,,,,,,,,,,,,,,,,,,,,,,,,,,,
,,,,,,,,,,,,,,,,,,,,,,,,,,,,,,,,,,,
,,,,,,,,,,,,,,,,,,,,,,,,,,,,,,,,,,,
,,,,,,,,,,,,,,,,,,,,,,,,,,,,,,,,,,,
,,,,,,,,,,,,,,,,,,,,,,,,,,,,,,,,,,,
,,,,,,,,,,,,,,,,,,,,,,,,,,,,,,,,,,,
,,,,,,,,,,,,,,,,,,,,,,,,,,,,,,,,,,,
,,,,,,,,,,,,,,,,,,,,,,,,,,,,,,,,,,,
,,,,,,,,,,,,,,,,,,,,,,,,,,,,,,,,,,,
,,,,,,,,,,,,,,,,,,,,,,,,,,,,,,,,,,,
,,,,"-133,712,123","133,712,123",,,,,,,,,,,,,,,,,,,,,,,,,,,,,,
,,,,"-9,036,416","9,036,416",,,,,,,,,,,,,,,,,,,,,,,,,,,,,,
,,,,"-207,175,853","207,175,853",,,,,,,,,,,,,,,,,,,,,,,,,,,,,,
,,,,"-70,503,800","70,503,800",,,,,,,,,,,,,,,,,,,,,,,,,,,,,,
,,,,"-100,428,445","100,428,445",,,,,,,,,,,,,,,,,,,,,,,,,,,,,,
,,,,"-10,583,759","10,583,759",,,,,,,,,,,,,,,,,,,,,,,,,,,,,,
,,,,-,0,,,,,,,,,,,,,,,,,,,,,,,,,,,,,,
,,,,-,0,,,,,,,,,,,,,,,,,,,,,,,,,,,,,,
,,,,"-199,938,523","199,938,523",,,,,,,,,,,,,,,,,,,,,,,,,,,,,,
,,,,"-32,666,613","32,666,613",,,,,,,,,,,,,,,,,,,,,,,,,,,,,,
,,,,"-25,269,504","25,269,504",,,,,,,,,,,,,,,,,,,,,,,,,,,,,,
,,,,"-82,538,912","82,538,912",,,,,,,,,,,,,,,,,,,,,,,,,,,,,,
,,,,"-225,095,325","225,095,325",,,,,,,,,,,,,,,,,,,,,,,,,,,,,,
,,,,"-71,813,003","71,813,003",,,,,,,,,,,,,,,,,,,,,,,,,,,,,,
,,,,-,0,,,,,,,,,,,,,,,,,,,,,,,,,,,,,,
,,,,"-88,195,651","88,195,651",,,,,,,,,,,,,,,,,,,,,,,,,,,,,,
,,,,"-10,314,729","10,314,729",,,,,,,,,,,,,,,,,,,,,,,,,,,,,,
,,,,"-35,977,797","35,977,797",,,,,,,,,,,,,,,,,,,,,,,,,,,,,,
,,,,"-49,479,578","49,479,578",,,,,,,,,,,,,,,,,,,,,,,,,,,,,,
,,,,"-39,639,531","39,639,531",,,,,,,,,,,,,,,,,,,,,,,,,,,,,,
,,,,"-6,559,921","6,559,921",,,,,,,,,,,,,,,,,,,,,,,,,,,,,,
,,,,"-49,353,343","49,353,343",,,,,,,,,,,,,,,,,,,,,,,,,,,,,,
,,,,"-5,960,342","5,960,342",,,,,,,,,,,,,,,,,,,,,,,,,,,,,,
,,,,-,0,,,,,,,,,,,,,,,,,,,,,,,,,,,,,,
,,,,"-1,404,288","1,404,288",,,,,,,,,,,,,,,,,,,,,,,,,,,,,,
,,,,-,0,,,,,,,,,,,,,,,,,,,,,,,,,,,,,,
,,,,-,0,,,,,,,,,,,,,,,,,,,,,,,,,,,,,,