General Fund Department,FY25 Aug 2024 YTD,FY25 Adopted Budget,% of FY25 Budget,FY26 Aug 2025 YTD,FY26 Adopted Budget,% of FY26 Budget,FY27 Aug 2026 YTD,FY27 Adopted Budget,% of FY27 Budget
Aging,"564,555","11,509,172",5%,"553,244","10,771,081",5%,0,0,0%
Animal Services,"3,098,445","30,307,409",10%,"2,967,502","28,497,415",10%,"3,986,213","30,807,336",13%
Building and Safety,"14,419,112","155,757,808",9%,"15,190,917","149,306,933",10%,"19,564,650","167,374,703",12%
Cannabis Regulation,"767,980","9,562,179",8%,"850,303","8,635,700",10%,"1,123,134","8,461,559",13%
City Administrative Officer,"3,357,113","32,956,199",10%,"3,273,877","43,368,147",8%,"4,583,651","53,140,026",9%
City Attorney,"21,179,650","176,343,314",12%,"19,778,206","186,019,985",11%,"26,986,431","195,274,382",14%
City Clerk,"1,695,113","20,089,228",8%,"1,624,061","18,674,874",9%,"2,150,870","19,890,296",11%
City Ethics Commission,"628,359","6,347,755",10%,"640,645","7,000,000",9%,"834,615","7,226,100",12%
City Planning,"6,863,990","71,719,238",10%,"6,432,637","69,853,133",9%,"9,157,984","75,608,242",12%
"Civil, Human Rights, and Equity","501,992","5,141,278",10%,"471,760","3,907,890",12%,"495,750","3,586,186",14%
Community Investment for Families,"1,262,631","42,922,962",3%,"1,482,073","44,860,028",3%,"5,395,876","82,634,138",7%
Controller,"2,235,180","20,867,243",11%,"2,440,408","23,324,728",10%,"3,069,889","25,864,527",12%
Council,"6,076,718","37,162,311",16%,"6,188,479","39,287,807",16%,"8,553,177","46,270,769",18%
Cultural Affairs,"1,518,704","18,604,041",8%,"1,710,186","19,823,443",9%,"2,002,975","20,746,022",10%
Disability,"375,750","5,247,119",7%,"453,993","5,199,323",9%,"496,284","6,191,298",8%
Economic and Workforce Development,"1,811,471","25,718,072",7%,"2,385,465","24,352,623",10%,0,0,0%
El Pueblo,"201,916","2,059,125",10%,"199,586","2,215,194",9%,"444,542","2,934,089",15%
Emergency Management,"431,940","4,237,798",10%,"520,906","5,042,411",10%,"728,122","4,938,072",15%
Employee Relations Board,"55,584","496,847",11%,"62,988","513,823",12%,"81,652","548,749",15%
Fire,"96,484,269","819,637,423",12%,"112,671,468","897,786,218",13%,"159,023,385","939,446,813",17%
General Services,"28,047,532","259,414,020",11%,"25,738,502","220,043,173",12%,"31,970,267","236,179,755",14%
Information Technology Agency,"6,199,836","101,219,929",6%,"8,826,780","93,348,341",9%,"8,584,557","98,801,825",9%
Los Angeles City Tourism,"166,721","2,063,175",8%,"155,784","1,826,640",9%,"218,886","1,918,110",11%
Los Angeles Housing,"8,346,533","97,989,488",9%,"9,704,838","106,767,925",9%,"13,903,038","127,634,457",11%
Mayor,"7,761,791","10,129,691",77%,"4,457,844","10,729,340",42%,"5,288,172","12,101,035",44%
Neighborhood Empowerment,"422,419","3,930,065",11%,"414,193","3,097,445",13%,"561,714","3,582,807",16%
Office of Finance,"4,511,853","49,480,775",9%,"4,798,093","50,312,377",10%,"6,372,161","81,034,038",8%
Personnel,"8,977,688","83,077,053",11%,"8,792,726","76,373,370",12%,"11,541,498","84,716,790",14%
Police,"225,695,150","1,981,610,477",11%,"228,268,493","1,986,961,261",11%,"299,759,201","2,114,202,404",14%
Public Accountability,"214,145","4,135,084",5%,"54,900","3,917,992",1%,"240,767","4,125,019",6%
Board of Public Works,"1,785,755","27,543,101",6%,"1,964,806","27,406,931",7%,"2,206,657","29,696,853",7%
Contract Administration,"4,762,258","51,230,523",9%,"4,995,730","47,201,870",11%,"6,640,321","55,096,949",12%
Engineering,"12,827,493","120,712,413",11%,"12,805,015","119,241,718",11%,"18,157,313","128,686,322",14%
Sanitation,"40,632,483","417,399,748",10%,"41,531,852","421,639,022",10%,"58,072,404","452,895,709",13%
Street Lighting,"5,953,637","51,366,918",12%,"5,318,434","49,247,801",11%,"6,529,100","49,394,524",13%
Street Services,"18,737,006","207,986,075",9%,"15,076,307","168,811,761",9%,"22,411,631","193,425,474",12%
Transportation,"22,059,984","216,571,949",10%,"20,848,820","215,546,917",10%,"28,226,392","233,737,259",12%
Youth Development,"267,883","2,302,814",12%,"198,166","1,579,688",13%,0,0,0%
Zoo,"3,328,190","30,988,603",11%,"2,864,622","31,102,506",9%,"3,947,320","34,422,069",11%
Total Department,"564,228,828","5,215,838,422",11%,"576,714,610","5,223,596,834",11%,"773,310,597","5,632,594,706",14%
,,,,,,,,,
General Fund Other Expenses,,,,,,,,,
Capital Finance Administration,"11,905,563","212,259,270",6%,"8,301,545","198,879,816",4%,"5,001,750","209,722,076",2%
Capital Improvement Expense,"88,248","23,684,336",0%,"54,603","30,172,217",0%,"2,599","17,951,130",0%
General,"161,906,722","2,172,064,007",7%,"178,065,712","2,234,230,124",8%,"245,455,504","2,280,644,470",11%
General City Purposes,"10,391,471","342,002,717",3%,"12,019,977","313,751,170",4%,"14,739,088","485,025,879",3%
Human Resources Benefits,"144,760,103","915,695,993",16%,"145,569,591","947,667,548",15%,"149,103,733","1,000,831,882",15%
Leasing,"3,841,484","27,795,317",14%,"7,286,471","39,174,048",19%,"6,128,657","39,604,451",15%
Liability Claims,"70,394,683","87,370,072",81%,"16,364,315","187,370,072",9%,"89,872,182","205,370,072",44%
Petroleum Products,0,0,0%,"4,190,747","43,109,595",10%,"4,358,671","43,109,595",10%
Unappropriated Balance,0,"338,453,935",0%,0,"290,522,442",0%,0,"201,446,678",0%
Water and Electricity,0,"48,798,758",0%,"1,486,828","51,400,000",3%,"9,809,984","51,765,000",19%
Total Other,"403,288,273","4,168,124,405",10%,"373,339,789","4,336,277,032",9%,"524,472,168","4,535,471,233",12%
,,,,,,,,,
Total Expenses,"967,517,102","9,383,962,827",10%,"950,054,398","9,559,873,866",10%,"1,297,782,765","10,168,065,939",13%