Revenue Type,August 2024,August 2025,August 2026,,August 25 vs August 24 Change,%,August 26 vs August 25 Change,%,,August 26 YTD Rev as % of FY2027 Budget,"FY2027
Adopted Budget",,,,,,,FY24 %,FY2024 Adopted Budget,FY25 %,FY2025 Adopted Budget,,,,,,
Property Tax 1%," $ 108,769,903 "," $ 111,012,203 "," $ 162,957,197 ",," $ 2,242,300 ",2.06%," $ 51,944,993 ",46.79%,,5.53%," $ 2,948,660,000 ",,,,,,,4.12%,"$2,640,250,000",4.01%,"$2,770,359,000",1.52%,,,,,
Property Tax - Ex-CRA Tax Increment, $ -   , $ -   , $ -   ,, $ -   ,, $ -   ,,,0.00%," $ 155,613,000 ",,,,,,,0.00%,"$143,730,000",0.00%,"$142,560,000",0.00%,,,,,
Utility Users' Tax," $ 110,920,407 "," $ 119,703,921 "," $ 128,316,063 ",," $ 8,783,514 ",7.92%," $ 8,612,143 ",7.19%,,16.60%," $ 772,790,000 ",,,,,,,17.05%,"$650,490,000",17.47%,"$685,130,000",-0.87%,,,,,
Departmental Receipts," $ 152,180,782 "," $ 184,941,582 "," $ 124,723,009 ",," $ 32,760,800 ",21.53%," $ (60,218,574)",-32.56%,,6.74%," $ 1,850,868,216 ",,,,,,,11.16%,"$1,363,324,165",13.01%,"$1,421,407,194",-6.27%,,,,,
Business Tax," $ 38,785,565 "," $ 42,721,669 "," $ 47,125,516 ",," $ 3,936,104 ",10.15%," $ 4,403,847 ",10.31%,,5.17%," $ 910,950,000 ",,,,,,,4.58%,"$847,200,000",5.10%,"$837,060,000",0.07%,,,,,
Sales Tax," $ 114,966,665 "," $ 114,948,537 "," $ 135,343,632 ",," $ (18,128)",-0.02%," $ 20,395,095 ",17.74%,,19.86%," $ 681,500,000 ",,,,,,,15.87%,"$724,230,000",16.63%,"$691,035,000",3.23%,,,,,
Documentary Transfer Tax," $ 30,993,143 "," $ 36,248,017 "," $ 35,221,600 ",," $ 5,254,875 ",16.95%," $ (1,026,417)",-2.83%,,17.35%," $ 203,006,000 ",,,,,,,15.61%,"$198,610,000",21.48%,"$168,770,000",-4.13%,,,,,
Power Revenue Transfer, $ -   , $ -   , $ -   ,, $ -   ,, $ -   ,,,0.00%," $ 219,662,000 ",,,,,,,0.00%,"$236,502,000",0.00%,"$227,481,000",0.00%,,,,,
Transient Occupancy Tax," $ 57,007,522 "," $ 46,484,481 "," $ 56,443,415 ",," $ (10,523,041)",-18.46%," $ 9,958,933 ",21.42%,,18.00%," $ 313,500,000 ",,,,,,,16.65%,"$342,430,000",13.56%,"$342,810,000",4.44%,,,,,
Parking Fines," $ 18,655,191 "," $ 18,619,586 "," $ 17,700,550 ",," $ (35,605)",-0.19%," $ (919,037)",-4.94%,,14.09%," $ 125,600,000 ",,,,,,,16.22%,"$115,000,000",16.93%,"$110,000,000",-2.83%,,,,,
Parking Users' Tax," $ 26,651,800 "," $ 23,835,568 "," $ 25,423,429 ",," $ (2,816,232)",-10.57%," $ 1,587,861 ",6.66%,,16.74%," $ 151,910,000 ",,,,,,,20.63%,"$129,195,000",17.71%,"$134,570,000",-0.98%,,,,,
Franchise Income," $ 20,818,612 "," $ 29,482,157 "," $ 29,116,970 ",," $ 8,663,545 ",41.61%," $ (365,188)",-1.24%,,22.35%," $ 130,274,000 ",,,,,,,15.11%,"$137,810,000",19.98%,"$147,537,000",2.37%,,,,,
Grant Receipts," $ 2,392,966 "," $ 4,393,072 "," $ 1,612,188 ",," $ 2,000,107 ",83.58%," $ (2,780,884)",-63.30%,,7.65%," $ 21,085,000 ",,,,,,,2.19%,"$109,192,719",1.95%,"$225,148,000",5.69%,,,,,
Interest," $ 38,293,338 "," $ 43,494,793 "," $ 60,554,873 ",," $ 5,201,455 ",13.58%," $ 17,060,080 ",39.22%,,75.69%," $ 80,000,000 ",,,,,,,49.73%,"$77,000,000",51.47%,"$84,501,000",24.22%,,"7,681,208,270","7,873,024,406",,
State Motor Vehicle License Fees, $ -   , $ -   , $ -   ,, $ -   ,, $ -   ,,,0.00%," $ 5,960,000 ",,,,,,,0.00%,"$3,994,000",0.00%,"$4,813,000",0.00%,,"-222,127,976","-159,994,662",,
Tobacco Settlement, $ -   , $ -   , $ -   ,, $ -   ,, $ -   ,,,0.00%," $ 9,064,000 ",,,,,,,0.00%,"$10,710,000",0.00%,"$10,715,000",0.00%,,97.19%,98.01%,0.82%,98.83%
Residential Development Tax," $ 582,256 "," $ 774,996 "," $ 1,229,507 ",," $ 192,740 ",33.10%," $ 454,511 ",58.65%,,25.94%," $ 4,740,000 ",,,,,,,11.86%,"$4,910,000",17.22%,"$4,500,000",8.72%,,,,,"8,496,560,972"
Special Parking Revenue Transfer, $ -   , $ -   , $ -   ,, $ -   ,, $ -   ,,,0.00%," $ 12,214,686 ",,,,,,,0.00%,"$32,387,919",0.00%,"$24,622,874",0.00%,,,,,"-100,835,930"
Transfer from Reserve or Budget Stabilization Fund, $ -   , $ -   , $ -   ,, $ -   ,, $ -   ,,,, $ -   ,,,,,,,0.00%,"$136,370,443",,,0.00%,,,,,98.83%
Revenue to Date," $ 721,018,148 "," $ 776,660,584 "," $ 825,767,948 ",," $ 55,642,436 ",7.72%," $ 49,107,364 ",6.32%,,9.60%," $ 8,597,396,902 ",,,,,,,9.12%," $ 7,903,336,246 ",9.67%," $ 8,033,019,068 ",-0.06%,,,,,
,,,,,,,,,,,,,,,,,,,,,"$160,660,381",,,,,,